,example_id,min_pass1_of_model,num_solved,models,pass1_of_ex,pass@any_of_ex,tau,example_link
0,0,9.090909e-05,44,"['llama-3.2-1B-instruct' 'llama-3.2-3B-instruct' 'llama-3.1-8B-instruct'
 'llama-3.1-70B-instruct' 'qwen2-7b-instruct' 'qwen3-8b'
 'deepseek_r1_distill_llama_8b' 'deepseek_v2_lite_chat'
 'mistralai_mathstral_7b_v0.1' 'mistralai_ministral_8b_instruct_2410'
 'mistralai_mixtral_8x7b_instruct_v0.1' 'google_gemma_7b_it'
 'google_gemma_2_9b_it' 'google_gemma_3_4b_it'
 'google_codegemma_1.1_7b_it' 'qwen1.5-0.5b-chat' 'qwen1.5-14b-chat'
 'qwen1.5-32b-chat' 'qwen1.5-72b-chat' 'qwen2-1.5b-instruct'
 'qwen2-72b-instruct' 'qwen2-math-72b-instruct'
 'qwen2.5-coder-0.5b-instruct' 'qwen2.5-coder-1.5b-instruct'
 'qwen2.5-coder-14b-instruct' 'qwen2.5-coder-32b-instruct'
 'qwen2.5-coder-3b-instruct' 'qwen2.5-coder-7b-instruct' 'qwen3-0.6b'
 'qwen3-1.7b' 'qwen3-14b' 'qwen3-32b' 'qwen3-4b'
 'deepseek_r1_distill_llama_70b' 'deepseek_r1_distill_qwen_1.5b'
 'deepseek_r1_distill_qwen_14b' 'deepseek_r1_distill_qwen_32b'
 'deepseek_r1_distill_qwen_7b' 'mistralai_mixtral_8x22b_instruct_v0.1'
 'google_gemma_2b_it' 'google_gemma_2_27b_it' 'google_gemma_3_12b_it'
 'google_gemma_3_1b_it' 'google_gemma_3_27b_it']",0.30730779767,0.88,0.8140202768975966,0
1,1,0.0005454545433333334,24,"['llama-3.2-1B-instruct' 'qwen1.5-7b-chat' 'qwen3-8b'
 'deepseek_r1_distill_llama_8b' 'mistralai_mathstral_7b_v0.1'
 'mistralai_mixtral_8x7b_instruct_v0.1' 'google_gemma_3_4b_it'
 'google_codegemma_1.1_7b_it' 'qwen1.5-72b-chat' 'qwen2-0.5b-instruct'
 'qwen2-math-72b-instruct' 'qwen2.5-coder-14b-instruct'
 'qwen2.5-coder-32b-instruct' 'qwen2.5-coder-3b-instruct' 'qwen3-14b'
 'qwen3-32b' 'qwen3-4b' 'deepseek_r1_distill_llama_70b'
 'deepseek_r1_distill_qwen_1.5b' 'deepseek_r1_distill_qwen_14b'
 'deepseek_r1_distill_qwen_7b' 'mistralai_mixtral_8x22b_instruct_v0.1'
 'google_gemma_3_12b_it' 'google_gemma_3_27b_it']",0.0018254090619999998,0.48,0.4206896551724138,1
2,10,0.007606060596666667,1,['llama-3.2-3B-instruct'],5.4545454e-05,0.02,-0.012244897959183673,10
3,11,0.02496969697,9,"['llama-3.1-70B-instruct' 'qwen3-8b' 'qwen3-14b' 'qwen3-32b' 'qwen3-4b'
 'deepseek_r1_distill_llama_70b' 'deepseek_r1_distill_qwen_32b'
 'google_gemma_3_12b_it' 'google_gemma_3_27b_it']",0.001476524142,0.18,0.44634525389419516,11
4,12,0.00030303029999999997,29,"['llama-3.2-3B-instruct' 'llama-3.1-8B-instruct' 'llama-3.1-70B-instruct'
 'qwen2-7b-instruct' 'qwen3-8b' 'deepseek_v2_lite_chat'
 'mistralai_mathstral_7b_v0.1' 'mistralai_ministral_8b_instruct_2410'
 'mistralai_mixtral_8x7b_instruct_v0.1' 'google_gemma_2_9b_it'
 'qwen1.5-14b-chat' 'qwen1.5-32b-chat' 'qwen1.5-72b-chat'
 'qwen2-72b-instruct' 'qwen2-math-72b-instruct'
 'qwen2.5-coder-14b-instruct' 'qwen2.5-coder-32b-instruct'
 'qwen2.5-coder-3b-instruct' 'qwen2.5-coder-7b-instruct' 'qwen3-1.7b'
 'qwen3-14b' 'qwen3-32b' 'qwen3-4b' 'mistralai_mistral_7b_instruct_v0.1'
 'mistralai_mistral_7b_instruct_v0.2'
 'mistralai_mixtral_8x22b_instruct_v0.1' 'google_gemma_2_27b_it'
 'google_gemma_3_12b_it' 'google_gemma_3_27b_it']",0.003979419364,0.58,0.3537716121097437,12
5,13,9.090909e-05,41,"['llama-3.2-1B-instruct' 'llama-3.2-3B-instruct' 'llama-3.1-8B-instruct'
 'llama-3.1-70B-instruct' 'qwen1.5-7b-chat' 'qwen2-7b-instruct' 'qwen3-8b'
 'deepseek_v2_lite_chat' 'mistralai_mathstral_7b_v0.1'
 'mistralai_ministral_8b_instruct_2410'
 'mistralai_mistral_7b_instruct_v0.3'
 'mistralai_mixtral_8x7b_instruct_v0.1' 'google_gemma_7b_it'
 'google_gemma_3_4b_it' 'google_codegemma_1.1_7b_it' 'qwen1.5-0.5b-chat'
 'qwen1.5-1.8b-chat' 'qwen1.5-14b-chat' 'qwen1.5-32b-chat'
 'qwen1.5-72b-chat' 'qwen2-72b-instruct' 'qwen2-math-72b-instruct'
 'qwen2.5-coder-0.5b-instruct' 'qwen2.5-coder-1.5b-instruct'
 'qwen2.5-coder-14b-instruct' 'qwen2.5-coder-32b-instruct'
 'qwen2.5-coder-3b-instruct' 'qwen2.5-coder-7b-instruct' 'qwen3-0.6b'
 'qwen3-1.7b' 'qwen3-14b' 'qwen3-32b' 'qwen3-4b'
 'mistralai_mistral_7b_instruct_v0.1' 'mistralai_mistral_7b_instruct_v0.2'
 'mistralai_mixtral_8x22b_instruct_v0.1' 'google_gemma_2b_it'
 'google_gemma_2_27b_it' 'google_gemma_3_12b_it' 'google_gemma_3_1b_it'
 'google_gemma_3_27b_it']",0.003928996934,0.82,0.16050212753919,13
6,14,0.008363636360000001,6,"['llama-3.1-70B-instruct' 'qwen2-72b-instruct'
 'qwen2.5-coder-14b-instruct' 'qwen2.5-coder-32b-instruct'
 'qwen2.5-coder-3b-instruct' 'google_gemma_2_27b_it']",0.000200353864,0.12,0.12969161414331482,14
7,15,0.0019393939299999997,27,"['llama-3.2-3B-instruct' 'llama-3.1-70B-instruct' 'qwen3-8b'
 'deepseek_r1_distill_llama_8b' 'deepseek_v2_lite_chat'
 'mistralai_mathstral_7b_v0.1' 'google_gemma_2_9b_it'
 'google_gemma_3_4b_it' 'qwen1.5-72b-chat' 'qwen2-math-72b-instruct'
 'qwen2.5-coder-1.5b-instruct' 'qwen2.5-coder-14b-instruct'
 'qwen2.5-coder-32b-instruct' 'qwen2.5-coder-3b-instruct'
 'qwen2.5-coder-7b-instruct' 'qwen3-1.7b' 'qwen3-14b' 'qwen3-32b'
 'qwen3-4b' 'deepseek_r1_distill_llama_70b'
 'deepseek_r1_distill_qwen_1.5b' 'deepseek_r1_distill_qwen_14b'
 'deepseek_r1_distill_qwen_32b' 'deepseek_r1_distill_qwen_7b'
 'mistralai_mixtral_8x22b_instruct_v0.1' 'google_gemma_3_12b_it'
 'google_gemma_3_27b_it']",0.137396206504,0.54,0.6694728355587106,15
8,16,0.0007272727233333334,38,"['llama-3.2-3B-instruct' 'llama-3.1-8B-instruct' 'llama-3.1-70B-instruct'
 'qwen1.5-7b-chat' 'qwen2-7b-instruct' 'qwen3-8b'
 'deepseek_r1_distill_llama_8b' 'deepseek_v2_lite_chat'
 'mistralai_mathstral_7b_v0.1' 'mistralai_ministral_8b_instruct_2410'
 'google_gemma_7b_it' 'google_gemma_3_4b_it' 'qwen1.5-0.5b-chat'
 'qwen1.5-14b-chat' 'qwen1.5-72b-chat' 'qwen2-72b-instruct'
 'qwen2-math-72b-instruct' 'qwen2.5-coder-0.5b-instruct'
 'qwen2.5-coder-14b-instruct' 'qwen2.5-coder-32b-instruct'
 'qwen2.5-coder-3b-instruct' 'qwen2.5-coder-7b-instruct' 'qwen3-0.6b'
 'qwen3-1.7b' 'qwen3-14b' 'qwen3-32b' 'qwen3-4b'
 'deepseek_r1_distill_llama_70b' 'deepseek_r1_distill_qwen_1.5b'
 'deepseek_r1_distill_qwen_14b' 'deepseek_r1_distill_qwen_32b'
 'deepseek_r1_distill_qwen_7b' 'mistralai_mistral_7b_instruct_v0.2'
 'mistralai_mixtral_8x22b_instruct_v0.1' 'google_gemma_2_27b_it'
 'google_gemma_3_12b_it' 'google_gemma_3_1b_it' 'google_gemma_3_27b_it']",0.27126296753,0.76,0.7600535054242175,16
9,17,0.0005454545433333334,2,['mistralai_mistral_7b_instruct_v0.3' 'qwen2-0.5b-instruct'],3.6363636e-05,0.04,-0.20412414523193154,17
10,18,0.0019393939299999997,22,"['llama-3.1-8B-instruct' 'qwen2-7b-instruct' 'qwen3-8b'
 'deepseek_r1_distill_llama_8b' 'deepseek_v2_lite_chat'
 'google_gemma_3_4b_it' 'qwen2-72b-instruct' 'qwen2-math-72b-instruct'
 'qwen2.5-coder-14b-instruct' 'qwen2.5-coder-32b-instruct'
 'qwen2.5-coder-7b-instruct' 'qwen3-1.7b' 'qwen3-14b' 'qwen3-32b'
 'qwen3-4b' 'deepseek_r1_distill_llama_70b'
 'deepseek_r1_distill_qwen_1.5b' 'deepseek_r1_distill_qwen_14b'
 'deepseek_r1_distill_qwen_32b' 'deepseek_r1_distill_qwen_7b'
 'google_gemma_3_12b_it' 'google_gemma_3_27b_it']",0.11295653429199999,0.44,0.7179324647138648,18
11,19,9.090909e-05,42,"['llama-3.2-1B-instruct' 'llama-3.2-3B-instruct' 'llama-3.1-8B-instruct'
 'llama-3.1-70B-instruct' 'qwen1.5-7b-chat' 'qwen2-7b-instruct' 'qwen3-8b'
 'deepseek_v2_lite_chat' 'mistralai_mathstral_7b_v0.1'
 'mistralai_ministral_8b_instruct_2410'
 'mistralai_mistral_7b_instruct_v0.3'
 'mistralai_mixtral_8x7b_instruct_v0.1' 'google_gemma_2_9b_it'
 'google_gemma_3_4b_it' 'google_codegemma_1.1_7b_it' 'qwen1.5-0.5b-chat'
 'qwen1.5-1.8b-chat' 'qwen1.5-14b-chat' 'qwen1.5-32b-chat'
 'qwen1.5-72b-chat' 'qwen2-0.5b-instruct' 'qwen2-1.5b-instruct'
 'qwen2-72b-instruct' 'qwen2-math-72b-instruct'
 'qwen2.5-coder-0.5b-instruct' 'qwen2.5-coder-1.5b-instruct'
 'qwen2.5-coder-14b-instruct' 'qwen2.5-coder-32b-instruct'
 'qwen2.5-coder-3b-instruct' 'qwen2.5-coder-7b-instruct' 'qwen3-0.6b'
 'qwen3-1.7b' 'qwen3-14b' 'qwen3-32b' 'qwen3-4b'
 'mistralai_mistral_7b_instruct_v0.2'
 'mistralai_mixtral_8x22b_instruct_v0.1' 'google_gemma_2b_it'
 'google_gemma_2_27b_it' 'google_gemma_3_12b_it' 'google_gemma_3_1b_it'
 'google_gemma_3_27b_it']",0.022931372367999997,0.84,0.33768905564895757,19
12,2,0.00030303029999999997,47,"['llama-3.2-1B-instruct' 'llama-3.1-8B-instruct' 'llama-3.1-70B-instruct'
 'qwen1.5-7b-chat' 'qwen2-7b-instruct' 'qwen3-8b'
 'deepseek_r1_distill_llama_8b' 'deepseek_v2_lite_chat'
 'mistralai_mathstral_7b_v0.1' 'mistralai_ministral_8b_instruct_2410'
 'mistralai_mistral_7b_instruct_v0.3'
 'mistralai_mixtral_8x7b_instruct_v0.1' 'google_gemma_7b_it'
 'google_gemma_2_9b_it' 'google_gemma_3_4b_it'
 'google_codegemma_1.1_7b_it' 'qwen1.5-0.5b-chat' 'qwen1.5-1.8b-chat'
 'qwen1.5-14b-chat' 'qwen1.5-32b-chat' 'qwen1.5-72b-chat'
 'qwen2-0.5b-instruct' 'qwen2-72b-instruct' 'qwen2-math-72b-instruct'
 'qwen2.5-coder-0.5b-instruct' 'qwen2.5-coder-1.5b-instruct'
 'qwen2.5-coder-14b-instruct' 'qwen2.5-coder-32b-instruct'
 'qwen2.5-coder-3b-instruct' 'qwen2.5-coder-7b-instruct' 'qwen3-0.6b'
 'qwen3-1.7b' 'qwen3-14b' 'qwen3-32b' 'qwen3-4b'
 'deepseek_r1_distill_llama_70b' 'deepseek_r1_distill_qwen_1.5b'
 'deepseek_r1_distill_qwen_14b' 'deepseek_r1_distill_qwen_32b'
 'deepseek_r1_distill_qwen_7b' 'mistralai_mistral_7b_instruct_v0.1'
 'mistralai_mistral_7b_instruct_v0.2'
 'mistralai_mixtral_8x22b_instruct_v0.1' 'google_gemma_2_27b_it'
 'google_gemma_3_12b_it' 'google_gemma_3_1b_it' 'google_gemma_3_27b_it']",0.23736739520800001,0.94,0.8166342098084,2
13,20,0.00033333333,40,"['llama-3.2-1B-instruct' 'llama-3.2-3B-instruct' 'llama-3.1-8B-instruct'
 'llama-3.1-70B-instruct' 'qwen1.5-7b-chat' 'qwen2-7b-instruct' 'qwen3-8b'
 'deepseek_r1_distill_llama_8b' 'deepseek_v2_lite_chat'
 'mistralai_mathstral_7b_v0.1' 'mistralai_ministral_8b_instruct_2410'
 'mistralai_mistral_7b_instruct_v0.3'
 'mistralai_mixtral_8x7b_instruct_v0.1' 'google_gemma_3_4b_it'
 'google_codegemma_1.1_7b_it' 'qwen1.5-32b-chat' 'qwen1.5-72b-chat'
 'qwen2-1.5b-instruct' 'qwen2-72b-instruct' 'qwen2-math-72b-instruct'
 'qwen2.5-coder-1.5b-instruct' 'qwen2.5-coder-14b-instruct'
 'qwen2.5-coder-32b-instruct' 'qwen2.5-coder-3b-instruct'
 'qwen2.5-coder-7b-instruct' 'qwen3-0.6b' 'qwen3-1.7b' 'qwen3-14b'
 'qwen3-32b' 'qwen3-4b' 'deepseek_r1_distill_llama_70b'
 'deepseek_r1_distill_qwen_1.5b' 'deepseek_r1_distill_qwen_14b'
 'deepseek_r1_distill_qwen_32b' 'deepseek_r1_distill_qwen_7b'
 'mistralai_mixtral_8x22b_instruct_v0.1' 'google_gemma_2_27b_it'
 'google_gemma_3_12b_it' 'google_gemma_3_1b_it' 'google_gemma_3_27b_it']",0.128153763876,0.8,0.7319255337981715,20
14,21,0.02496969697,15,"['llama-3.1-70B-instruct' 'qwen3-8b' 'deepseek_r1_distill_llama_8b'
 'qwen2-math-72b-instruct' 'qwen2.5-coder-14b-instruct'
 'qwen2.5-coder-32b-instruct' 'qwen3-14b' 'qwen3-32b' 'qwen3-4b'
 'deepseek_r1_distill_llama_70b' 'deepseek_r1_distill_qwen_1.5b'
 'deepseek_r1_distill_qwen_14b' 'deepseek_r1_distill_qwen_32b'
 'deepseek_r1_distill_qwen_7b' 'google_gemma_3_27b_it']",0.00709563026,0.3,0.6111065286780649,21
15,22,0.0005454545433333334,15,"['mistralai_mathstral_7b_v0.1' 'mistralai_mixtral_8x7b_instruct_v0.1'
 'qwen1.5-14b-chat' 'qwen1.5-32b-chat' 'qwen1.5-72b-chat'
 'qwen2-0.5b-instruct' 'qwen2-72b-instruct' 'qwen2.5-coder-1.5b-instruct'
 'qwen2.5-coder-14b-instruct' 'qwen2.5-coder-32b-instruct'
 'qwen2.5-coder-7b-instruct' 'qwen3-32b' 'deepseek_r1_distill_llama_70b'
 'google_gemma_3_12b_it' 'google_gemma_3_27b_it']",0.0007030017819999999,0.3,0.17945477037618815,22
16,23,0.010181818173333333,15,"['llama-3.1-70B-instruct' 'deepseek_r1_distill_llama_8b'
 'qwen2-72b-instruct' 'qwen2-math-72b-instruct'
 'qwen2.5-coder-32b-instruct' 'qwen2.5-coder-7b-instruct' 'qwen3-14b'
 'qwen3-32b' 'deepseek_r1_distill_llama_70b'
 'deepseek_r1_distill_qwen_14b' 'deepseek_r1_distill_qwen_32b'
 'deepseek_r1_distill_qwen_7b' 'mistralai_mixtral_8x22b_instruct_v0.1'
 'google_gemma_3_12b_it' 'google_gemma_3_27b_it']",0.015720682316,0.3,0.598089167121675,23
17,24,0.0020606060566666666,12,"['qwen3-8b' 'deepseek_r1_distill_llama_8b' 'qwen1.5-14b-chat'
 'qwen2.5-coder-32b-instruct' 'qwen3-14b' 'qwen3-32b'
 'deepseek_r1_distill_llama_70b' 'deepseek_r1_distill_qwen_1.5b'
 'deepseek_r1_distill_qwen_14b' 'deepseek_r1_distill_qwen_32b'
 'deepseek_r1_distill_qwen_7b' 'google_gemma_3_27b_it']",0.005260842012,0.24,0.5483951359399599,24
18,25,,0,[],0.0,0.0,,25
19,26,0.00030303029999999997,44,"['llama-3.2-1B-instruct' 'llama-3.2-3B-instruct' 'llama-3.1-8B-instruct'
 'qwen1.5-7b-chat' 'qwen2-7b-instruct' 'qwen3-8b'
 'deepseek_r1_distill_llama_8b' 'deepseek_v2_lite_chat'
 'mistralai_mathstral_7b_v0.1' 'mistralai_ministral_8b_instruct_2410'
 'mistralai_mistral_7b_instruct_v0.3'
 'mistralai_mixtral_8x7b_instruct_v0.1' 'google_gemma_7b_it'
 'google_gemma_3_4b_it' 'google_codegemma_1.1_7b_it' 'qwen1.5-0.5b-chat'
 'qwen1.5-1.8b-chat' 'qwen1.5-14b-chat' 'qwen1.5-32b-chat'
 'qwen1.5-72b-chat' 'qwen2-0.5b-instruct' 'qwen2-1.5b-instruct'
 'qwen2-72b-instruct' 'qwen2-math-72b-instruct'
 'qwen2.5-coder-0.5b-instruct' 'qwen2.5-coder-1.5b-instruct'
 'qwen2.5-coder-14b-instruct' 'qwen2.5-coder-3b-instruct'
 'qwen2.5-coder-7b-instruct' 'qwen3-0.6b' 'qwen3-1.7b' 'qwen3-14b'
 'qwen3-32b' 'qwen3-4b' 'deepseek_r1_distill_llama_70b'
 'deepseek_r1_distill_qwen_1.5b' 'deepseek_r1_distill_qwen_14b'
 'deepseek_r1_distill_qwen_32b' 'deepseek_r1_distill_qwen_7b'
 'mistralai_mistral_7b_instruct_v0.1' 'mistralai_mistral_7b_instruct_v0.2'
 'mistralai_mixtral_8x22b_instruct_v0.1' 'google_gemma_3_12b_it'
 'google_gemma_3_27b_it']",0.013791380579999998,0.88,0.3020728899932857,26
20,27,0.004090909086666667,4,"['llama-3.1-8B-instruct' 'qwen1.5-32b-chat' 'qwen3-4b'
 'mistralai_mixtral_8x22b_instruct_v0.1']",0.000145454544,0.08,0.03948704680460814,27
21,28,0.00030303029999999997,33,"['qwen1.5-7b-chat' 'qwen2-7b-instruct' 'qwen3-8b'
 'deepseek_r1_distill_llama_8b' 'deepseek_v2_lite_chat'
 'mistralai_ministral_8b_instruct_2410'
 'mistralai_mistral_7b_instruct_v0.3'
 'mistralai_mixtral_8x7b_instruct_v0.1' 'google_gemma_2_9b_it'
 'google_gemma_3_4b_it' 'google_codegemma_1.1_7b_it' 'qwen1.5-0.5b-chat'
 'qwen1.5-1.8b-chat' 'qwen1.5-72b-chat' 'qwen2-1.5b-instruct'
 'qwen2-72b-instruct' 'qwen2-math-72b-instruct'
 'qwen2.5-coder-0.5b-instruct' 'qwen2.5-coder-3b-instruct' 'qwen3-1.7b'
 'qwen3-14b' 'qwen3-32b' 'qwen3-4b' 'deepseek_r1_distill_llama_70b'
 'deepseek_r1_distill_qwen_14b' 'deepseek_r1_distill_qwen_32b'
 'deepseek_r1_distill_qwen_7b' 'mistralai_mistral_7b_instruct_v0.1'
 'mistralai_mistral_7b_instruct_v0.2'
 'mistralai_mixtral_8x22b_instruct_v0.1' 'google_gemma_3_12b_it'
 'google_gemma_3_1b_it' 'google_gemma_3_27b_it']",0.00238660528,0.66,0.3121788465010572,28
22,29,0.00045454544999999993,31,"['llama-3.2-1B-instruct' 'llama-3.2-3B-instruct' 'qwen1.5-7b-chat'
 'qwen2-7b-instruct' 'qwen3-8b' 'deepseek_v2_lite_chat'
 'mistralai_mathstral_7b_v0.1' 'mistralai_ministral_8b_instruct_2410'
 'mistralai_mistral_7b_instruct_v0.3'
 'mistralai_mixtral_8x7b_instruct_v0.1' 'google_gemma_7b_it'
 'qwen1.5-1.8b-chat' 'qwen1.5-14b-chat' 'qwen1.5-32b-chat'
 'qwen1.5-72b-chat' 'qwen2-0.5b-instruct' 'qwen2-72b-instruct'
 'qwen2-math-72b-instruct' 'qwen2.5-coder-0.5b-instruct'
 'qwen2.5-coder-14b-instruct' 'qwen2.5-coder-32b-instruct'
 'qwen2.5-coder-3b-instruct' 'qwen2.5-coder-7b-instruct' 'qwen3-0.6b'
 'qwen3-1.7b' 'qwen3-14b' 'qwen3-32b' 'qwen3-4b'
 'mistralai_mixtral_8x22b_instruct_v0.1' 'google_gemma_3_12b_it'
 'google_gemma_3_27b_it']",0.002514452976,0.62,0.17376989127286874,29
23,3,0.0020606060566666666,33,"['llama-3.1-8B-instruct' 'llama-3.1-70B-instruct' 'qwen2-7b-instruct'
 'qwen3-8b' 'deepseek_r1_distill_llama_8b' 'mistralai_mathstral_7b_v0.1'
 'mistralai_ministral_8b_instruct_2410'
 'mistralai_mixtral_8x7b_instruct_v0.1' 'google_gemma_3_4b_it'
 'qwen1.5-14b-chat' 'qwen1.5-32b-chat' 'qwen1.5-72b-chat'
 'qwen2-72b-instruct' 'qwen2-math-72b-instruct'
 'qwen2.5-coder-1.5b-instruct' 'qwen2.5-coder-14b-instruct'
 'qwen2.5-coder-32b-instruct' 'qwen2.5-coder-3b-instruct'
 'qwen2.5-coder-7b-instruct' 'qwen3-0.6b' 'qwen3-1.7b' 'qwen3-14b'
 'qwen3-32b' 'qwen3-4b' 'deepseek_r1_distill_llama_70b'
 'deepseek_r1_distill_qwen_1.5b' 'deepseek_r1_distill_qwen_14b'
 'deepseek_r1_distill_qwen_32b' 'deepseek_r1_distill_qwen_7b'
 'mistralai_mixtral_8x22b_instruct_v0.1' 'google_gemma_2_27b_it'
 'google_gemma_3_12b_it' 'google_gemma_3_27b_it']",0.129567884242,0.66,0.804075483780622,3
24,4,0.0013030302999999998,36,"['llama-3.1-8B-instruct' 'llama-3.1-70B-instruct' 'qwen1.5-7b-chat'
 'qwen2-7b-instruct' 'qwen3-8b' 'deepseek_r1_distill_llama_8b'
 'deepseek_v2_lite_chat' 'mistralai_mathstral_7b_v0.1'
 'mistralai_ministral_8b_instruct_2410'
 'mistralai_mixtral_8x7b_instruct_v0.1' 'google_gemma_2_9b_it'
 'google_gemma_3_4b_it' 'google_codegemma_1.1_7b_it' 'qwen1.5-14b-chat'
 'qwen1.5-32b-chat' 'qwen1.5-72b-chat' 'qwen2-72b-instruct'
 'qwen2-math-72b-instruct' 'qwen2.5-coder-14b-instruct'
 'qwen2.5-coder-32b-instruct' 'qwen2.5-coder-3b-instruct'
 'qwen2.5-coder-7b-instruct' 'qwen3-0.6b' 'qwen3-1.7b' 'qwen3-14b'
 'qwen3-32b' 'qwen3-4b' 'deepseek_r1_distill_llama_70b'
 'deepseek_r1_distill_qwen_1.5b' 'deepseek_r1_distill_qwen_14b'
 'deepseek_r1_distill_qwen_32b' 'deepseek_r1_distill_qwen_7b'
 'mistralai_mixtral_8x22b_instruct_v0.1' 'google_gemma_2_27b_it'
 'google_gemma_3_12b_it' 'google_gemma_3_27b_it']",0.026011789448,0.72,0.7622107001371219,4
25,5,0.00033333333,44,"['llama-3.2-1B-instruct' 'llama-3.2-3B-instruct' 'llama-3.1-8B-instruct'
 'llama-3.1-70B-instruct' 'qwen1.5-7b-chat' 'qwen2-7b-instruct' 'qwen3-8b'
 'deepseek_r1_distill_llama_8b' 'deepseek_v2_lite_chat'
 'mistralai_mathstral_7b_v0.1' 'mistralai_ministral_8b_instruct_2410'
 'mistralai_mistral_7b_instruct_v0.3'
 'mistralai_mixtral_8x7b_instruct_v0.1' 'google_gemma_7b_it'
 'google_gemma_2_9b_it' 'google_gemma_3_4b_it'
 'google_codegemma_1.1_7b_it' 'qwen1.5-14b-chat' 'qwen1.5-32b-chat'
 'qwen1.5-72b-chat' 'qwen2-1.5b-instruct' 'qwen2-72b-instruct'
 'qwen2-math-72b-instruct' 'qwen2.5-coder-1.5b-instruct'
 'qwen2.5-coder-14b-instruct' 'qwen2.5-coder-32b-instruct'
 'qwen2.5-coder-3b-instruct' 'qwen2.5-coder-7b-instruct' 'qwen3-0.6b'
 'qwen3-1.7b' 'qwen3-14b' 'qwen3-32b' 'qwen3-4b'
 'deepseek_r1_distill_llama_70b' 'deepseek_r1_distill_qwen_1.5b'
 'deepseek_r1_distill_qwen_14b' 'deepseek_r1_distill_qwen_32b'
 'deepseek_r1_distill_qwen_7b' 'mistralai_mistral_7b_instruct_v0.2'
 'mistralai_mixtral_8x22b_instruct_v0.1' 'google_gemma_2_27b_it'
 'google_gemma_3_12b_it' 'google_gemma_3_1b_it' 'google_gemma_3_27b_it']",0.28824554539600006,0.88,0.8394084291532642,5
26,6,0.00033333333,5,"['llama-3.1-8B-instruct' 'qwen2-1.5b-instruct' 'qwen2-72b-instruct'
 'qwen2.5-coder-7b-instruct' 'mistralai_mixtral_8x22b_instruct_v0.1']",0.000163636362,0.1,-0.032096903450675784,6
27,7,0.0012424242333333333,26,"['llama-3.2-1B-instruct' 'llama-3.2-3B-instruct' 'qwen1.5-7b-chat'
 'qwen3-8b' 'deepseek_r1_distill_llama_8b' 'mistralai_mathstral_7b_v0.1'
 'mistralai_ministral_8b_instruct_2410' 'google_gemma_3_4b_it'
 'qwen1.5-32b-chat' 'qwen2-math-72b-instruct' 'qwen2.5-coder-14b-instruct'
 'qwen2.5-coder-32b-instruct' 'qwen2.5-coder-3b-instruct'
 'qwen2.5-coder-7b-instruct' 'qwen3-0.6b' 'qwen3-1.7b' 'qwen3-14b'
 'qwen3-32b' 'qwen3-4b' 'deepseek_r1_distill_llama_70b'
 'deepseek_r1_distill_qwen_1.5b' 'deepseek_r1_distill_qwen_14b'
 'deepseek_r1_distill_qwen_32b' 'deepseek_r1_distill_qwen_7b'
 'google_gemma_3_12b_it' 'google_gemma_3_27b_it']",0.12547203516799998,0.52,0.7114161131496729,7
28,8,0.0012424242333333333,40,"['llama-3.2-1B-instruct' 'llama-3.2-3B-instruct' 'llama-3.1-8B-instruct'
 'llama-3.1-70B-instruct' 'qwen1.5-7b-chat' 'qwen2-7b-instruct' 'qwen3-8b'
 'deepseek_r1_distill_llama_8b' 'deepseek_v2_lite_chat'
 'mistralai_mathstral_7b_v0.1' 'mistralai_ministral_8b_instruct_2410'
 'mistralai_mixtral_8x7b_instruct_v0.1' 'google_gemma_2_9b_it'
 'google_gemma_3_4b_it' 'qwen1.5-14b-chat' 'qwen1.5-32b-chat'
 'qwen1.5-72b-chat' 'qwen2-72b-instruct' 'qwen2-math-72b-instruct'
 'qwen2.5-coder-0.5b-instruct' 'qwen2.5-coder-1.5b-instruct'
 'qwen2.5-coder-14b-instruct' 'qwen2.5-coder-32b-instruct'
 'qwen2.5-coder-3b-instruct' 'qwen2.5-coder-7b-instruct' 'qwen3-0.6b'
 'qwen3-1.7b' 'qwen3-14b' 'qwen3-32b' 'qwen3-4b'
 'deepseek_r1_distill_llama_70b' 'deepseek_r1_distill_qwen_1.5b'
 'deepseek_r1_distill_qwen_14b' 'deepseek_r1_distill_qwen_32b'
 'deepseek_r1_distill_qwen_7b' 'mistralai_mixtral_8x22b_instruct_v0.1'
 'google_gemma_2_27b_it' 'google_gemma_3_12b_it' 'google_gemma_3_1b_it'
 'google_gemma_3_27b_it']",0.060371269474,0.8,0.5790136136556236,8
29,9,0.00030303029999999997,40,"['llama-3.2-1B-instruct' 'llama-3.2-3B-instruct' 'llama-3.1-8B-instruct'
 'llama-3.1-70B-instruct' 'qwen1.5-7b-chat' 'qwen3-8b'
 'deepseek_v2_lite_chat' 'mistralai_mathstral_7b_v0.1'
 'mistralai_ministral_8b_instruct_2410'
 'mistralai_mistral_7b_instruct_v0.3'
 'mistralai_mixtral_8x7b_instruct_v0.1' 'google_gemma_7b_it'
 'google_gemma_3_4b_it' 'google_codegemma_1.1_7b_it' 'qwen1.5-0.5b-chat'
 'qwen1.5-1.8b-chat' 'qwen1.5-14b-chat' 'qwen1.5-32b-chat'
 'qwen1.5-72b-chat' 'qwen2-0.5b-instruct' 'qwen2-1.5b-instruct'
 'qwen2-72b-instruct' 'qwen2-math-72b-instruct'
 'qwen2.5-coder-0.5b-instruct' 'qwen2.5-coder-1.5b-instruct'
 'qwen2.5-coder-14b-instruct' 'qwen2.5-coder-32b-instruct'
 'qwen2.5-coder-3b-instruct' 'qwen2.5-coder-7b-instruct' 'qwen3-0.6b'
 'qwen3-14b' 'qwen3-32b' 'qwen3-4b' 'mistralai_mistral_7b_instruct_v0.1'
 'mistralai_mistral_7b_instruct_v0.2'
 'mistralai_mixtral_8x22b_instruct_v0.1' 'google_gemma_2_27b_it'
 'google_gemma_3_12b_it' 'google_gemma_3_1b_it' 'google_gemma_3_27b_it']",0.005125521694000001,0.8,-0.1264745867747481,9
